<?xml version="1.0" encoding="UTF-8"?>
<GenRun Id="synth_1" LaunchPart="xc7z020clg484-1" LaunchTime="1607098754">
  <File Type="PA-TCL" Name="pwm_glitchless.tcl"/>
  <File Type="REPORTS-TCL" Name="pwm_glitchless_reports.tcl"/>
  <File Type="RDS-RDS" Name="pwm_glitchless.vds"/>
  <File Type="RDS-UTIL" Name="pwm_glitchless_utilization_synth.rpt"/>
  <File Type="RDS-UTIL-PB" Name="pwm_glitchless_utilization_synth.pb"/>
  <File Type="RDS-DCP" Name="pwm_glitchless.dcp"/>
  <FileSet Name="sources" Type="DesignSrcs" RelSrcDir="$PSRCDIR/sources_1">
    <Filter Type="Srcs"/>
    <File Path="$PSRCDIR/sources_1/imports/3_pwm/pwm_glitchless.v">
      <FileInfo>
        <Attr Name="ImportPath" Val="$PPRDIR/../../../../../../../../PycharmProjects/pygmyhdl/examples/3_pwm/pwm_glitchless.v"/>
        <Attr Name="ImportTime" Val="1607083868"/>
        <Attr Name="UsedIn" Val="synthesis"/>
        <Attr Name="UsedIn" Val="implementation"/>
        <Attr Name="UsedIn" Val="simulation"/>
      </FileInfo>
    </File>
    <Config>
      <Option Name="DesignMode" Val="RTL"/>
      <Option Name="TopModule" Val="pwm_glitchless"/>
      <Option Name="TopAutoSet" Val="TRUE"/>
    </Config>
  </FileSet>
  <FileSet Name="constrs_in" Type="Constrs" RelSrcDir="$PSRCDIR/constrs_1">
    <Filter Type="Constrs"/>
    <File Path="$PSRCDIR/constrs_1/new/pinout.xdc">
      <FileInfo>
        <Attr Name="ImportPath" Val="E:/Nowy/zadanie3/zadanie3.srcs/constrs_1/new/pinout.xdc"/>
        <Attr Name="ImportTime" Val="1607098742"/>
        <Attr Name="UsedIn" Val="synthesis"/>
        <Attr Name="UsedIn" Val="implementation"/>
      </FileInfo>
    </File>
    <Config>
      <Option Name="TargetConstrsFile" Val="$PSRCDIR/constrs_1/new/pinout.xdc"/>
      <Option Name="ConstrsType" Val="XDC"/>
    </Config>
  </FileSet>
  <Strategy Version="1" Minor="2">
    <StratHandle Name="Vivado Synthesis Defaults" Flow="Vivado Synthesis 2018"/>
    <Step Id="synth_design"/>
  </Strategy>
</GenRun>
